{
  "1782400926.082239": 1783007115,
  "1782401172.327979": 1783007115,
  "1782401363.599409": 1783007115,
  "1782405886.672159": 1783007115,
  "1782406818.751359": 1783007115,
  "1782407219.972329": 1783007115,
  "1782408666.800259": 1783007115,
  "1782410017.523219": 1783007115,
  "1782410862.323639": 1783007115,
  "1782411719.789799": 1783007115,
  "1782413391.773919": 1783007115,
  "1782426697.772819": 1783007115,
  "1782453754.544329": 1783007115,
  "1782473297.731539": 1783007115,
  "1782476197.078199": 1783007115,
  "1782493940.696519": 1783007115,
  "1782509104.845439": 1783007115,
  "1782509817.651979": 1783007115,
  "1782510736.943849": 1783007115,
  "1782571414.587439": 1783007115,
  "1782751390.504899": 1783007115,
  "1782753290.007059": 1783007115,
  "1782758164.532119": 1783007115,
  "1782758898.281199": 1783007115,
  "1782760889.833109": 1783007115,
  "1782761910.425909": 1783007115,
  "1782762658.053979": 1783007115,
  "1782762959.056829": 1783007115,
  "1782823853.483009": 1783007115,
  "1782833240.969679": 1783007115,
  "1782836548.373099": 1783007115,
  "1782836852.580139": 1783007115,
  "1782843010.479469": 1783007115,
  "1782865090.163559": 1783007115,
  "1782924103.479109": 1783007115,
  "1782924430.420039": 1783007115,
  "1782924640.316939": 1783007115,
  "1782924791.670619": 1783007115,
  "1782926081.728799": 1783007115,
  "1782930916.943849": 1783007115,
  "1782930978.665149": 1783007115,
  "1782931001.410309": 1783007115,
  "1782938341.634429": 1783007115,
  "1782986147.889689": 1783007115
}
